{
  "coef": [
    -0.10341359539553098,
    0.09412284792287008,
    -0.10472836642656001,
    0.03911656230511344,
    0.0,
    0.0911852459928814,
    0.0,
    0.08955263881119854,
    0.0,
    0.061222196233782306,
    -0.05303429545482973,
    0.07140414661106269,
    0.0370006104045184,
    -0.0911975336244156,
    0.0011203687368197216,
    -0.10043893786607717,
    0.14499527617059982,
    4.0797795465558206e-05,
    7.590071465246502e-07,
    -0.04903629363301404
  ],
  "intercept": 0.0047703786462317405,
  "feature_names": [
    "cold",
    "edge",
    "trend",
    "sum_tail",
    "trend_accel",
    "cold^2",
    "cold edge",
    "cold trend",
    "cold sum_tail",
    "cold trend_accel",
    "edge^2",
    "edge trend",
    "edge sum_tail",
    "edge trend_accel",
    "trend^2",
    "trend sum_tail",
    "trend trend_accel",
    "sum_tail^2",
    "sum_tail trend_accel",
    "trend_accel^2"
  ],
  "signals": [
    "cold_v3",
    "edge",
    "trend",
    "sum_tail",
    "trend_accel"
  ],
  "l1_ratio": 0.3,
  "non_zero": 16,
  "train_periods": 7000
}