{
  "coef": [
    -0.029839258699442185,
    0.0566285821579569,
    -0.04335067199595308,
    0.017723769847389312,
    0.0017573482301009625,
    0.04282973223669236,
    -0.002708271500148937,
    0.041907472673241276,
    0.00997244201609916,
    0.03424582720971058,
    -0.029437870481784246,
    0.05581162143952702,
    0.053891004681487636,
    -0.06908066039392038,
    -0.015103545925155292,
    -0.08797219340993195,
    0.08466554345703045,
    -0.0070846499692261075,
    0.025613661707553033,
    -0.034879938557178275
  ],
  "intercept": -0.006874232527991941,
  "feature_names": [
    "cold",
    "edge",
    "trend",
    "sum_tail",
    "trend_accel",
    "cold^2",
    "cold edge",
    "cold trend",
    "cold sum_tail",
    "cold trend_accel",
    "edge^2",
    "edge trend",
    "edge sum_tail",
    "edge trend_accel",
    "trend^2",
    "trend sum_tail",
    "trend trend_accel",
    "sum_tail^2",
    "sum_tail trend_accel",
    "trend_accel^2"
  ],
  "signals": [
    "cold_v3",
    "edge",
    "trend",
    "sum_tail",
    "trend_accel"
  ],
  "train_periods": 7000,
  "total_periods": 8699
}